scientificName,remove,dubious,epipelagic,pelagic,lavae,benthic,marine birds
Ablennes hians,FALSE,TRUE,FALSE,FALSE,FALSE,FALSE,FALSE
Acanthephyra pelagica,FALSE,FALSE,FALSE,TRUE,FALSE,FALSE,FALSE
Acanthephyra quadrispinosa,FALSE,FALSE,TRUE,FALSE,FALSE,FALSE,FALSE
Acanthostracion quadricornis,FALSE,TRUE,FALSE,FALSE,FALSE,FALSE,FALSE
Achirus achirus,FALSE,TRUE,FALSE,FALSE,FALSE,FALSE,FALSE
Achirus lineatus,FALSE,TRUE,FALSE,FALSE,FALSE,FALSE,FALSE
Actinecta torpedo,FALSE,TRUE,FALSE,FALSE,FALSE,FALSE,FALSE
Aegina citrea,FALSE,FALSE,FALSE,TRUE,FALSE,FALSE,FALSE
Ahliesaurus berryi,FALSE,FALSE,FALSE,FALSE,TRUE,FALSE,FALSE
Allosergestes pectinatus,FALSE,FALSE,FALSE,TRUE,FALSE,FALSE,FALSE
Allosergestes sargassi,FALSE,FALSE,FALSE,TRUE,FALSE,FALSE,FALSE
Alopias superciliosus,FALSE,FALSE,TRUE,TRUE,FALSE,FALSE,FALSE
Animalia,FALSE,FALSE,FALSE,FALSE,TRUE,FALSE,FALSE
Anolis,TRUE,FALSE,FALSE,FALSE,FALSE,FALSE,FALSE
Argyropelecus aculeatus,FALSE,FALSE,FALSE,TRUE,FALSE,FALSE,FALSE
Argyropelecus affinis,FALSE,FALSE,FALSE,TRUE,FALSE,FALSE,FALSE
Argyropelecus hemigymnus,FALSE,FALSE,FALSE,TRUE,FALSE,FALSE,FALSE
Aristostomias polydactylus,FALSE,FALSE,FALSE,TRUE,FALSE,FALSE,FALSE
Astronesthes,FALSE,FALSE,FALSE,FALSE,TRUE,FALSE,FALSE
Astronesthes haplophos,FALSE,FALSE,TRUE,TRUE,FALSE,FALSE,FALSE
Astronesthes niger,FALSE,FALSE,TRUE,TRUE,FALSE,FALSE,FALSE
Astronesthes richardsoni,FALSE,FALSE,TRUE,TRUE,FALSE,FALSE,FALSE
Astronesthidae,FALSE,FALSE,FALSE,FALSE,TRUE,FALSE,FALSE
Balistes capriscus,FALSE,TRUE,FALSE,FALSE,FALSE,FALSE,FALSE
Bathophilus longipinnis,FALSE,FALSE,FALSE,TRUE,FALSE,FALSE,FALSE
Bathytoma visagei,FALSE,TRUE,FALSE,FALSE,FALSE,FALSE,FALSE
Bolinichthys indicus,FALSE,FALSE,TRUE,TRUE,FALSE,FALSE,FALSE
Bolinichthys pyrsobolus,FALSE,FALSE,TRUE,TRUE,FALSE,FALSE,FALSE
Bothidae,FALSE,FALSE,FALSE,FALSE,TRUE,FALSE,FALSE
Botrynema brucei,FALSE,FALSE,FALSE,TRUE,FALSE,FALSE,FALSE
Bregmacerotidae,FALSE,FALSE,FALSE,TRUE,FALSE,FALSE,FALSE
Brevoortia tyrannus,FALSE,TRUE,FALSE,FALSE,FALSE,FALSE,FALSE
Canthidermis sufflamen,FALSE,TRUE,FALSE,FALSE,FALSE,FALSE,FALSE
Carcharhinus plumbeus,FALSE,FALSE,TRUE,TRUE,FALSE,FALSE,FALSE
Catathyridium grandirivi,FALSE,TRUE,FALSE,FALSE,FALSE,FALSE,FALSE
Centrobranchus nigroocellatus,FALSE,FALSE,TRUE,TRUE,FALSE,FALSE,FALSE
Ceratocymba sagittata,FALSE,FALSE,TRUE,FALSE,FALSE,FALSE,FALSE
Ceratoscopelus townsendi,FALSE,FALSE,TRUE,TRUE,FALSE,FALSE,FALSE
Ceratoscopelus warmingii,FALSE,FALSE,TRUE,TRUE,FALSE,FALSE,FALSE
Cerianthula multiseptata,TRUE,FALSE,FALSE,FALSE,FALSE,FALSE,FALSE
Cetartiodactyla,FALSE,FALSE,TRUE,FALSE,FALSE,FALSE,FALSE
Chauliodontidae,FALSE,FALSE,FALSE,TRUE,TRUE,FALSE,FALSE
Chauliodus,FALSE,FALSE,FALSE,TRUE,FALSE,FALSE,FALSE
Chauliodus (aves),FALSE,TRUE,FALSE,FALSE,FALSE,FALSE,FALSE
Chauliodus danae,FALSE,FALSE,TRUE,TRUE,FALSE,FALSE,FALSE
Chauliodus sloani,FALSE,FALSE,TRUE,TRUE,FALSE,FALSE,FALSE
Chaunacidae,FALSE,FALSE,FALSE,FALSE,TRUE,FALSE,FALSE
Cheilopogon exsiliens,FALSE,FALSE,TRUE,FALSE,FALSE,FALSE,FALSE
Chiasmodontidae,FALSE,FALSE,FALSE,FALSE,TRUE,FALSE,FALSE
Citharichthys spilopterus,FALSE,TRUE,FALSE,FALSE,FALSE,FALSE,FALSE
Clausocalanus furcatus,FALSE,FALSE,TRUE,TRUE,FALSE,FALSE,FALSE
Clausocalanus mastigophorus,FALSE,FALSE,TRUE,FALSE,FALSE,FALSE,FALSE
Colaptes campestris,TRUE,FALSE,FALSE,FALSE,FALSE,FALSE,FALSE
Colobonema sericeum,FALSE,FALSE,FALSE,TRUE,FALSE,FALSE,FALSE
Conus bairstowi,FALSE,FALSE,FALSE,TRUE,FALSE,FALSE,FALSE
Conus infrenatus,FALSE,FALSE,FALSE,TRUE,FALSE,FALSE,FALSE
Coperonus comptus,FALSE,FALSE,FALSE,FALSE,FALSE,TRUE,FALSE
Coryphaena equiselis,FALSE,FALSE,TRUE,TRUE,FALSE,FALSE,FALSE
Coryphaena hippurus,FALSE,FALSE,TRUE,FALSE,FALSE,FALSE,FALSE
Coryphaenidae,FALSE,FALSE,TRUE,FALSE,FALSE,FALSE,FALSE
Crossota brunnea,FALSE,FALSE,FALSE,TRUE,FALSE,FALSE,FALSE
Cunina octonaria,FALSE,FALSE,FALSE,TRUE,FALSE,FALSE,FALSE
Cunina peregrina,FALSE,FALSE,FALSE,TRUE,FALSE,FALSE,FALSE
Cyclothone,FALSE,FALSE,FALSE,FALSE,TRUE,FALSE,FALSE
Cytaeis tetrastyla,FALSE,FALSE,FALSE,TRUE,FALSE,FALSE,FALSE
Dactylopterus volitans,FALSE,FALSE,FALSE,FALSE,TRUE,FALSE,FALSE
Daption capense,FALSE,FALSE,FALSE,FALSE,FALSE,FALSE,TRUE
Deosergestes corniculum,FALSE,FALSE,FALSE,TRUE,FALSE,FALSE,FALSE
Dermochelys coriacea,FALSE,FALSE,FALSE,TRUE,FALSE,FALSE,FALSE
Diaphus,FALSE,FALSE,TRUE,TRUE,FALSE,FALSE,FALSE
Diaphus anderseni,FALSE,FALSE,TRUE,TRUE,FALSE,FALSE,FALSE
Diaphus dumerilii,FALSE,FALSE,TRUE,TRUE,FALSE,FALSE,FALSE
Diaphus effulgens,FALSE,FALSE,TRUE,TRUE,FALSE,FALSE,FALSE
Diaphus fragilis,FALSE,FALSE,TRUE,TRUE,FALSE,FALSE,FALSE
Diaphus holti,FALSE,FALSE,TRUE,TRUE,FALSE,FALSE,FALSE
Diaphus knappi,FALSE,FALSE,TRUE,TRUE,FALSE,FALSE,FALSE
Diaphus mollis,FALSE,FALSE,TRUE,TRUE,FALSE,FALSE,FALSE
Diaphus parri,FALSE,FALSE,TRUE,TRUE,FALSE,FALSE,FALSE
Diogenichthys atlanticus,FALSE,FALSE,TRUE,TRUE,FALSE,FALSE,FALSE
Diomedea exulans,FALSE,FALSE,FALSE,FALSE,FALSE,FALSE,TRUE
Diplophos taenia,FALSE,FALSE,FALSE,TRUE,TRUE,FALSE,FALSE
Eccliseogyra folini,FALSE,FALSE,FALSE,FALSE,FALSE,TRUE,FALSE
Eccliseogyra monnioti,FALSE,FALSE,FALSE,FALSE,FALSE,TRUE,FALSE
Eccliseogyra nitida,FALSE,FALSE,FALSE,FALSE,FALSE,TRUE,FALSE
Eledone massyae,FALSE,TRUE,FALSE,FALSE,FALSE,FALSE,FALSE
Engraulidae,FALSE,FALSE,FALSE,FALSE,TRUE,FALSE,FALSE
Etmopterus bigelowi,FALSE,FALSE,FALSE,TRUE,FALSE,TRUE,FALSE
Eubalaena australis,FALSE,FALSE,TRUE,TRUE,FALSE,FALSE,FALSE
Euchaetomera typica,FALSE,FALSE,TRUE,TRUE,FALSE,FALSE,FALSE
Eucopia australis,FALSE,FALSE,FALSE,TRUE,FALSE,FALSE,FALSE
Eukrohnia hamata,FALSE,FALSE,TRUE,TRUE,FALSE,FALSE,FALSE
Euleptorhamphus velox,FALSE,FALSE,FALSE,TRUE,FALSE,FALSE,FALSE
Eustomias,FALSE,FALSE,FALSE,TRUE,FALSE,FALSE,FALSE
Eustomias filifer,FALSE,FALSE,FALSE,TRUE,FALSE,FALSE,FALSE
Evermannella indica,FALSE,FALSE,FALSE,FALSE,TRUE,FALSE,FALSE
Evermannellidae,FALSE,FALSE,FALSE,FALSE,TRUE,FALSE,FALSE
Exocoetidae,FALSE,FALSE,TRUE,FALSE,FALSE,FALSE,FALSE
Exocoetus obtusirostris,FALSE,FALSE,TRUE,FALSE,FALSE,FALSE,FALSE
Exocoetus volitans,FALSE,FALSE,TRUE,FALSE,FALSE,FALSE,FALSE
Fistularia tabacaria,FALSE,TRUE,FALSE,FALSE,FALSE,FALSE,FALSE
Funchalia villosa,FALSE,FALSE,FALSE,TRUE,FALSE,FALSE,FALSE
Furnarius rufus,FALSE,TRUE,FALSE,FALSE,FALSE,FALSE,FALSE
Gaidropsarus pakhorukovi,FALSE,FALSE,FALSE,FALSE,FALSE,TRUE,FALSE
Gempylus serpens,FALSE,FALSE,FALSE,FALSE,TRUE,FALSE,FALSE
Gennadas gilchristi,FALSE,FALSE,FALSE,TRUE,FALSE,FALSE,FALSE
Gennadas tinayrei,FALSE,FALSE,FALSE,TRUE,FALSE,FALSE,FALSE
Gennadas valens,FALSE,FALSE,FALSE,TRUE,FALSE,FALSE,FALSE
Gonichthys,FALSE,FALSE,TRUE,TRUE,FALSE,FALSE,FALSE
Gonichthys barnesi,FALSE,FALSE,TRUE,TRUE,FALSE,FALSE,FALSE
Gonichthys cocco,FALSE,FALSE,TRUE,TRUE,FALSE,FALSE,FALSE
Gonichthys venetus,FALSE,FALSE,FALSE,TRUE,FALSE,FALSE,FALSE
Gonostoma denudatum,FALSE,FALSE,FALSE,FALSE,TRUE,FALSE,FALSE
Gonostomatidae,FALSE,FALSE,FALSE,FALSE,TRUE,FALSE,FALSE
Halecium delicatulum,TRUE,FALSE,FALSE,FALSE,FALSE,FALSE,FALSE
Halicreas minimum,FALSE,FALSE,FALSE,TRUE,FALSE,FALSE,FALSE
Halitrephes maasi,FALSE,FALSE,FALSE,TRUE,FALSE,FALSE,FALSE
Halonympha claviculata,FALSE,FALSE,FALSE,FALSE,FALSE,TRUE,FALSE
Helcogramma rharhabe,FALSE,TRUE,FALSE,FALSE,FALSE,FALSE,FALSE
Hemiramphidae,FALSE,FALSE,TRUE,FALSE,FALSE,FALSE,FALSE
Henricia studeri,FALSE,TRUE,FALSE,FALSE,FALSE,FALSE,FALSE
Heteroteuthis dagamensis,FALSE,TRUE,FALSE,FALSE,FALSE,FALSE,FALSE
Heteroteuthis serventyi,FALSE,FALSE,FALSE,FALSE,FALSE,TRUE,FALSE
Hirundichthys speculiger,FALSE,FALSE,TRUE,TRUE,FALSE,FALSE,FALSE
Holothuria scabra,TRUE,FALSE,FALSE,FALSE,FALSE,FALSE,FALSE
Howella sherborni,FALSE,FALSE,FALSE,TRUE,FALSE,FALSE,FALSE
Hygophum hygomii,FALSE,FALSE,TRUE,TRUE,FALSE,FALSE,FALSE
Hygophum macrochir,FALSE,FALSE,TRUE,TRUE,FALSE,FALSE,FALSE
Hygophum reinhardtii,FALSE,FALSE,TRUE,TRUE,TRUE,FALSE,FALSE
Ichthyococcus ovatus,FALSE,FALSE,FALSE,TRUE,FALSE,FALSE,FALSE
Idiacanthidae,FALSE,FALSE,TRUE,TRUE,TRUE,FALSE,FALSE
Idiacanthus atlanticus,FALSE,FALSE,TRUE,TRUE,FALSE,FALSE,FALSE
Idiacanthus fasciola,FALSE,FALSE,TRUE,TRUE,FALSE,FALSE,FALSE
Iphitus cancellatus,FALSE,FALSE,FALSE,FALSE,FALSE,TRUE,FALSE
Isaurus tuberculatus,FALSE,TRUE,FALSE,FALSE,FALSE,FALSE,FALSE
Isistius brasiliensis,FALSE,FALSE,TRUE,TRUE,FALSE,FALSE,FALSE
Isistius plutodus,FALSE,FALSE,TRUE,FALSE,FALSE,FALSE,FALSE
Isurus oxyrinchus,FALSE,FALSE,TRUE,FALSE,FALSE,FALSE,FALSE
Jasus frontalis,TRUE,FALSE,FALSE,FALSE,FALSE,FALSE,FALSE
Kajikia albida,FALSE,FALSE,TRUE,FALSE,FALSE,FALSE,FALSE
Katsuwonus pelamis,FALSE,FALSE,TRUE,FALSE,FALSE,FALSE,FALSE
Kephyes ovata,FALSE,FALSE,FALSE,TRUE,FALSE,FALSE,FALSE
Lactophrys trigonus,FALSE,TRUE,FALSE,FALSE,FALSE,FALSE,FALSE
Lagocephalus lagocephalus,FALSE,FALSE,TRUE,FALSE,FALSE,FALSE,FALSE
Lamna nasus,FALSE,FALSE,TRUE,TRUE,FALSE,FALSE,FALSE
Lampadena luminosa,FALSE,FALSE,TRUE,TRUE,FALSE,FALSE,FALSE
Lampanyctus festivus,FALSE,FALSE,TRUE,TRUE,FALSE,FALSE,FALSE
Lampanyctus intricarius,FALSE,FALSE,TRUE,TRUE,FALSE,FALSE,FALSE
Lampanyctus photonotus,FALSE,FALSE,TRUE,TRUE,FALSE,FALSE,FALSE
Lampanyctus pusillus,FALSE,FALSE,TRUE,TRUE,FALSE,FALSE,FALSE
Lensia multicristata,FALSE,FALSE,FALSE,TRUE,FALSE,FALSE,FALSE
Lepidophanes,FALSE,FALSE,TRUE,TRUE,FALSE,FALSE,FALSE
Lepidophanes gaussi,FALSE,FALSE,TRUE,TRUE,FALSE,FALSE,FALSE
Lepidophanes guentheri,FALSE,FALSE,TRUE,TRUE,FALSE,FALSE,FALSE
Leptocephalus rostratus,FALSE,FALSE,FALSE,FALSE,TRUE,FALSE,FALSE
Lestidiops affinis,FALSE,FALSE,FALSE,FALSE,TRUE,FALSE,FALSE
Lobianchia dofleini,FALSE,FALSE,TRUE,TRUE,FALSE,FALSE,FALSE
Lobianchia gemellarii,FALSE,FALSE,TRUE,TRUE,FALSE,FALSE,FALSE
Lobotes surinamensis,FALSE,TRUE,FALSE,FALSE,FALSE,FALSE,FALSE
Macroparalepis brevis,FALSE,FALSE,FALSE,FALSE,TRUE,FALSE,FALSE
Macropus giganteus,TRUE,FALSE,FALSE,FALSE,FALSE,FALSE,FALSE
Macropyxis adunca,FALSE,FALSE,FALSE,FALSE,FALSE,TRUE,FALSE
Makaira nigricans,FALSE,FALSE,TRUE,FALSE,FALSE,FALSE,FALSE
Malacosteidae,FALSE,FALSE,FALSE,FALSE,TRUE,FALSE,FALSE
Megaptera novaeangliae,FALSE,FALSE,TRUE,TRUE,FALSE,FALSE,FALSE
Melamphaes hubbsi,FALSE,FALSE,TRUE,TRUE,FALSE,FALSE,FALSE
Melamphaes longivelis,FALSE,FALSE,TRUE,TRUE,FALSE,FALSE,FALSE
Melamphaidae,FALSE,FALSE,FALSE,TRUE,TRUE,FALSE,FALSE
Melanostomias niger,FALSE,FALSE,FALSE,TRUE,FALSE,FALSE,FALSE
Micrognathus crinitus,FALSE,TRUE,FALSE,FALSE,FALSE,FALSE,FALSE
Microlaimus honestus,FALSE,FALSE,FALSE,FALSE,FALSE,TRUE,FALSE
Mirounga leonina,FALSE,FALSE,TRUE,TRUE,FALSE,FALSE,FALSE
Mobula tarapacana,FALSE,TRUE,FALSE,FALSE,FALSE,FALSE,FALSE
Mola mola,FALSE,FALSE,TRUE,TRUE,FALSE,FALSE,FALSE
Moringua edwardsi,FALSE,TRUE,FALSE,FALSE,FALSE,FALSE,FALSE
Mugilidae,FALSE,TRUE,FALSE,FALSE,FALSE,FALSE,FALSE
Mullidae,FALSE,TRUE,FALSE,FALSE,FALSE,FALSE,FALSE
Myctophidae,FALSE,FALSE,FALSE,FALSE,TRUE,FALSE,FALSE
Myctophum affine,FALSE,FALSE,TRUE,TRUE,FALSE,FALSE,FALSE
Myctophum asperum,FALSE,FALSE,TRUE,TRUE,FALSE,FALSE,FALSE
Myctophum nitidulum,FALSE,FALSE,TRUE,TRUE,FALSE,FALSE,FALSE
Myctophum phengodes,FALSE,FALSE,TRUE,TRUE,FALSE,FALSE,FALSE
Naiades cantrainii,FALSE,FALSE,FALSE,TRUE,FALSE,FALSE,FALSE
Nannobrachium achirus,FALSE,FALSE,FALSE,TRUE,FALSE,FALSE,FALSE
Nannobrachium atrum,FALSE,FALSE,TRUE,TRUE,FALSE,FALSE,FALSE
Nannobrachium cuprarium,FALSE,FALSE,TRUE,TRUE,FALSE,FALSE,FALSE
Nannobrachium wisneri,FALSE,FALSE,FALSE,TRUE,FALSE,FALSE,FALSE
Naobranchia kabatana,FALSE,FALSE,FALSE,TRUE,FALSE,FALSE,FALSE
Narrimania azelotes,FALSE,FALSE,FALSE,FALSE,FALSE,TRUE,FALSE
Naucrates ductor,FALSE,FALSE,FALSE,FALSE,TRUE,FALSE,FALSE
Nectopyramis thetis,FALSE,FALSE,FALSE,TRUE,FALSE,FALSE,FALSE
Nemichthys curvirostris,FALSE,FALSE,FALSE,FALSE,TRUE,FALSE,FALSE
Nemichthys scolopaceus,FALSE,FALSE,FALSE,FALSE,TRUE,FALSE,FALSE
Nerocila acuminata,TRUE,FALSE,FALSE,FALSE,FALSE,FALSE,FALSE
Nettastoma,FALSE,FALSE,FALSE,FALSE,TRUE,FALSE,FALSE
Nicholsina usta,FALSE,TRUE,FALSE,FALSE,FALSE,FALSE,FALSE
Nomeus gronovii,FALSE,FALSE,FALSE,FALSE,TRUE,FALSE,FALSE
Notolychnus valdiviae,FALSE,FALSE,TRUE,TRUE,FALSE,FALSE,FALSE
Notoscopelus caudispinosus,FALSE,FALSE,TRUE,TRUE,FALSE,FALSE,FALSE
Notoscopelus resplendens,FALSE,FALSE,TRUE,TRUE,FALSE,FALSE,FALSE
Oceanites oceanicus,FALSE,FALSE,FALSE,FALSE,FALSE,FALSE,TRUE
Oplophorus,FALSE,FALSE,FALSE,TRUE,FALSE,FALSE,FALSE
Oplophorus novaezeelandiae,FALSE,FALSE,FALSE,TRUE,FALSE,FALSE,FALSE
Oplophorus spinosus,FALSE,FALSE,TRUE,TRUE,FALSE,FALSE,FALSE
Palythoa nelliae,FALSE,TRUE,FALSE,FALSE,FALSE,FALSE,FALSE
Pantachogon haeckeli,FALSE,FALSE,FALSE,TRUE,FALSE,FALSE,FALSE
Paralepididae,FALSE,FALSE,FALSE,FALSE,TRUE,FALSE,FALSE
Paralepis speciosa,FALSE,TRUE,FALSE,FALSE,FALSE,FALSE,FALSE
Paralomis zealandica,FALSE,FALSE,FALSE,FALSE,FALSE,TRUE,FALSE
Parapasiphae sulcatifrons,FALSE,FALSE,FALSE,TRUE,FALSE,FALSE,FALSE
Parasergestes armatus,FALSE,FALSE,FALSE,TRUE,FALSE,FALSE,FALSE
Parasergestes vigilax,FALSE,FALSE,FALSE,TRUE,FALSE,FALSE,FALSE
Pegantha clara,FALSE,FALSE,FALSE,TRUE,FALSE,FALSE,FALSE
Pegantha laevis,FALSE,FALSE,FALSE,TRUE,FALSE,FALSE,FALSE
Phalacrophorus pictus,FALSE,FALSE,FALSE,TRUE,FALSE,FALSE,FALSE
Philopteridae,TRUE,FALSE,FALSE,FALSE,FALSE,FALSE,FALSE
Phosichthyidae,FALSE,FALSE,FALSE,FALSE,TRUE,FALSE,FALSE
Phthiraptera,TRUE,FALSE,FALSE,FALSE,FALSE,FALSE,FALSE
Physeter macrocephalus,FALSE,FALSE,TRUE,TRUE,FALSE,FALSE,FALSE
Pinguipes brasilianus,FALSE,FALSE,FALSE,FALSE,FALSE,TRUE,FALSE
Plakarthrium australiense,FALSE,TRUE,FALSE,FALSE,FALSE,FALSE,FALSE
Planes minutus,FALSE,FALSE,FALSE,TRUE,FALSE,FALSE,FALSE
Pleuroscopus pseudodorsalis,FALSE,FALSE,FALSE,TRUE,FALSE,FALSE,FALSE
Pollichthys mauli,FALSE,FALSE,TRUE,TRUE,FALSE,FALSE,FALSE
Porichthys porosissimus,FALSE,TRUE,FALSE,FALSE,FALSE,FALSE,FALSE
Prionace glauca,FALSE,FALSE,TRUE,TRUE,FALSE,FALSE,FALSE
Prionotus punctatus,FALSE,TRUE,FALSE,FALSE,FALSE,FALSE,FALSE
Procellaria aequinoctialis,FALSE,FALSE,FALSE,FALSE,FALSE,FALSE,TRUE
Procellaria conspicillata,FALSE,FALSE,FALSE,FALSE,FALSE,FALSE,TRUE
Protomyctophum subparallelum,FALSE,FALSE,FALSE,TRUE,FALSE,FALSE,FALSE
Pseudocarcharias kamoharai,FALSE,FALSE,TRUE,TRUE,FALSE,FALSE,FALSE
Pterodroma arminjoniana,FALSE,FALSE,FALSE,FALSE,FALSE,FALSE,TRUE
Pterodroma mollis,FALSE,FALSE,FALSE,FALSE,FALSE,FALSE,TRUE
Pteroplatytrygon violacea,FALSE,FALSE,TRUE,TRUE,FALSE,FALSE,FALSE
Puffinus gravis,FALSE,FALSE,FALSE,FALSE,FALSE,FALSE,TRUE
Rhea americana,TRUE,FALSE,FALSE,FALSE,FALSE,FALSE,FALSE
Rhinoclama teres,FALSE,FALSE,FALSE,FALSE,FALSE,TRUE,FALSE
Rhopalonema velatum,FALSE,FALSE,TRUE,TRUE,FALSE,FALSE,FALSE
Salpa thompsoni,FALSE,FALSE,FALSE,TRUE,FALSE,FALSE,FALSE
Scarus,FALSE,TRUE,FALSE,FALSE,FALSE,FALSE,FALSE
Scarus coelestinus,FALSE,TRUE,FALSE,FALSE,FALSE,FALSE,FALSE
Scomberesox saurus,FALSE,FALSE,TRUE,FALSE,FALSE,FALSE,FALSE
Scomberesox simulans,FALSE,FALSE,TRUE,FALSE,FALSE,FALSE,FALSE
Scopelarchus,FALSE,FALSE,FALSE,FALSE,TRUE,FALSE,FALSE
Scopelarchus analis,FALSE,FALSE,FALSE,FALSE,TRUE,FALSE,FALSE
Scopelogadus mizolepis,FALSE,FALSE,FALSE,TRUE,FALSE,FALSE,FALSE
Scorpaena brasiliensis,FALSE,TRUE,FALSE,FALSE,FALSE,FALSE,FALSE
Scorpaena plumieri,FALSE,TRUE,FALSE,FALSE,FALSE,FALSE,FALSE
Sergestes arachnipodus,FALSE,FALSE,FALSE,TRUE,FALSE,FALSE,FALSE
Sergestes armatus,FALSE,FALSE,FALSE,TRUE,FALSE,FALSE,FALSE
Sergestes atlanticus,FALSE,FALSE,FALSE,TRUE,FALSE,FALSE,FALSE
Sergestes cornutus,FALSE,FALSE,FALSE,TRUE,FALSE,FALSE,FALSE
Sergestes disjunctus,FALSE,FALSE,FALSE,TRUE,FALSE,FALSE,FALSE
Sergestes guineensis,FALSE,FALSE,FALSE,TRUE,FALSE,FALSE,FALSE
Sergestes pectinatus,FALSE,FALSE,FALSE,TRUE,FALSE,FALSE,FALSE
Sergestes sargassi,FALSE,FALSE,FALSE,TRUE,FALSE,FALSE,FALSE
Sergestes vigilax,FALSE,FALSE,FALSE,TRUE,FALSE,FALSE,FALSE
Sergia grandis,FALSE,FALSE,FALSE,TRUE,FALSE,FALSE,FALSE
Sergia laminata,FALSE,FALSE,FALSE,TRUE,FALSE,FALSE,FALSE
Sergia regalis,FALSE,FALSE,FALSE,TRUE,FALSE,FALSE,FALSE
Sergia splendens,FALSE,FALSE,FALSE,TRUE,FALSE,FALSE,FALSE
Sigmops bathyphilus,FALSE,FALSE,FALSE,TRUE,FALSE,FALSE,FALSE
Siriella thompsonii,FALSE,FALSE,FALSE,TRUE,FALSE,FALSE,FALSE
Sparisoma chrysopterum,FALSE,TRUE,FALSE,FALSE,FALSE,FALSE,FALSE
Sparisoma radians,FALSE,TRUE,FALSE,FALSE,FALSE,FALSE,FALSE
Sphoeroides spengleri,FALSE,TRUE,FALSE,FALSE,FALSE,FALSE,FALSE
Sphoeroides testudineus,FALSE,TRUE,FALSE,FALSE,FALSE,FALSE,FALSE
Sphyraena barracuda,FALSE,TRUE,FALSE,FALSE,FALSE,FALSE,FALSE
Sphyrna tiburo,FALSE,TRUE,FALSE,FALSE,FALSE,FALSE,FALSE
Stephanolepis setifer,FALSE,TRUE,FALSE,FALSE,FALSE,FALSE,FALSE
Sterna paradisaea,FALSE,FALSE,FALSE,FALSE,FALSE,FALSE,TRUE
Sternoptychidae,FALSE,FALSE,FALSE,FALSE,TRUE,FALSE,FALSE
Sternoptyx,FALSE,FALSE,FALSE,TRUE,FALSE,FALSE,FALSE
Sternoptyx diaphana,FALSE,FALSE,FALSE,TRUE,FALSE,FALSE,FALSE
Stomias boa,FALSE,FALSE,FALSE,TRUE,FALSE,FALSE,FALSE
Stomiidae,FALSE,FALSE,FALSE,TRUE,FALSE,FALSE,FALSE
Stomiiformes,FALSE,FALSE,FALSE,FALSE,TRUE,FALSE,FALSE
Stylomesus regularis,FALSE,FALSE,FALSE,TRUE,FALSE,TRUE,FALSE
Stylopandalus richardi,FALSE,FALSE,FALSE,TRUE,FALSE,FALSE,FALSE
Sudis hyalina,FALSE,FALSE,FALSE,FALSE,TRUE,FALSE,FALSE
Sulculeolaria turgida,FALSE,FALSE,TRUE,FALSE,FALSE,FALSE,FALSE
Syacium micrurum,FALSE,FALSE,FALSE,FALSE,FALSE,TRUE,FALSE
Syacium papillosum,FALSE,TRUE,FALSE,FALSE,FALSE,FALSE,FALSE
Synodus myops,FALSE,FALSE,FALSE,FALSE,TRUE,FALSE,FALSE
Systellaspis debilis,FALSE,FALSE,FALSE,TRUE,FALSE,FALSE,FALSE
Taaningichthys minimus,FALSE,FALSE,FALSE,TRUE,FALSE,FALSE,FALSE
Temognatha conspicillata,TRUE,FALSE,FALSE,FALSE,FALSE,FALSE,FALSE
Tetragonurus,FALSE,FALSE,FALSE,FALSE,TRUE,FALSE,FALSE
Thalassarche chlororhynchos,FALSE,FALSE,FALSE,FALSE,FALSE,FALSE,TRUE
Thunnus alalunga,FALSE,FALSE,TRUE,TRUE,FALSE,FALSE,FALSE
Thunnus albacares,FALSE,FALSE,TRUE,FALSE,FALSE,FALSE,FALSE
Thunnus maccoyii,FALSE,FALSE,TRUE,TRUE,FALSE,FALSE,FALSE
Thunnus obesus,FALSE,FALSE,TRUE,TRUE,FALSE,FALSE,FALSE
Thunnus thynnus,FALSE,FALSE,TRUE,TRUE,FALSE,FALSE,FALSE
Thyrsitops lepidopoides,FALSE,FALSE,FALSE,TRUE,FALSE,FALSE,FALSE
Tomopteris apsteini,FALSE,FALSE,FALSE,TRUE,FALSE,FALSE,FALSE
Tomopteris ligulata,FALSE,FALSE,FALSE,TRUE,FALSE,FALSE,FALSE
Tomopteris nisseni,FALSE,FALSE,FALSE,TRUE,FALSE,FALSE,FALSE
Tomopteris planktonis,FALSE,FALSE,FALSE,TRUE,FALSE,FALSE,FALSE
Trachichthyidae,FALSE,TRUE,FALSE,FALSE,FALSE,FALSE,FALSE
Trachinocephalus myops,FALSE,TRUE,FALSE,FALSE,FALSE,FALSE,FALSE
Trachinotus carolinus,FALSE,FALSE,FALSE,FALSE,TRUE,FALSE,FALSE
Travisiopsis levinseni,FALSE,FALSE,FALSE,TRUE,FALSE,FALSE,FALSE
Tremoctopus,FALSE,FALSE,TRUE,FALSE,FALSE,FALSE,FALSE
Trichiuridae,FALSE,FALSE,FALSE,FALSE,TRUE,FALSE,FALSE
Trochidae,FALSE,TRUE,FALSE,FALSE,FALSE,FALSE,FALSE
Upogebia noronhensis,TRUE,FALSE,FALSE,FALSE,FALSE,FALSE,FALSE
Urophycis brasiliensis,FALSE,TRUE,FALSE,FALSE,FALSE,FALSE,FALSE
Valenciennellus tripunctulatus,FALSE,FALSE,FALSE,TRUE,TRUE,FALSE,FALSE
Vanadis crystallina,FALSE,FALSE,FALSE,TRUE,FALSE,FALSE,FALSE
Vanadis formosa,FALSE,FALSE,FALSE,TRUE,FALSE,FALSE,FALSE
Vanellus chilensis,TRUE,FALSE,FALSE,FALSE,FALSE,FALSE,FALSE
Vetulonia paucivaricosa,FALSE,FALSE,FALSE,FALSE,FALSE,TRUE,FALSE
Vinciguerria attenuata,FALSE,FALSE,FALSE,TRUE,FALSE,FALSE,FALSE
Vinciguerria nimbaria,FALSE,FALSE,FALSE,TRUE,TRUE,FALSE,FALSE
Vinciguerria poweriae,FALSE,FALSE,FALSE,TRUE,TRUE,FALSE,FALSE
Xiphias gladius,FALSE,FALSE,FALSE,TRUE,FALSE,FALSE,FALSE
Zenaida auriculata,TRUE,FALSE,FALSE,FALSE,FALSE,FALSE,FALSE
Zoanthus durbanensis,FALSE,TRUE,FALSE,FALSE,FALSE,FALSE,FALSE
Zoanthus natalensis,FALSE,TRUE,FALSE,FALSE,FALSE,FALSE,FALSE
Zoanthus sansibaricus,FALSE,TRUE,FALSE,FALSE,FALSE,FALSE,FALSE
